id,first_name,last_name,email
1,Jhon,Dou,jhondou@gmail.com
2,Mike,Smith,jhondou@gmail.com
3,Mike,Smith,jhondou@gmail.com
4,Adam,Smith,adamsmith@gmail.com
5,Frank,Lampard,frank@gmail.com
12,Jhon,Terry,superterry@gmail.com
13,Adam,Parker,adamsmith@gmail.com
21,Adam,Smith,adamsmith@gmail.com
22,Leonel,Messi,messi@gmail.com
